{"cameraMode":{"drawMode":0,"name":"Shaded","section":"Shading Mode"},"sceneLighting":false,"audioPlay":false,"sceneViewState":{"m_AlwaysRefresh":false,"showFog":true,"showSkybox":false,"showFlares":true,"showImageEffects":true,"showParticleSystems":true,"showVisualEffectGraphs":true,"m_FxEnabled":true},"in2DMode":false,"pivot":{"x":-5.960464477539063e-8,"y":0.2048775553703308,"z":1.1920928955078126e-7},"rotation":{"x":-0.09914004057645798,"y":-0.01134607382118702,"z":0.0011303044157102705,"w":-0.9950085878372192},"size":1.0873216390609742,"orthographic":false}